model,fits,precision,--batch-size,--parallel,--nproc-per-node,--num-workers,global batch,card GB,card %,largest batch,paced by,workers wanted,epoch min,fold h,sweep h
CardioConv,True,bfloat16,2.0,2.0,2.0,5.0,4.0,31.828125,80.59073164549919,2.0,cards,5.0,2.3281980742056976,0.7760660247352326,19.401650618380813
DeepPhys,False,,,,,,,,,,,,,,
EfficientPhys,False,,,,,,,,,,,,,,
FactorizePhys,True,bfloat16,4.0,4.0,1.0,4.0,4.0,33.919921875,85.887287462407,4.0,cards,4.0,5.7138124282040685,1.9046041427346896,23.80755178418362
iBVPNet,True,bfloat16,1.0,1.0,4.0,2.0,4.0,21.568359375,54.61238644828471,2.0,cards,2.0,4.209281456625977,1.4030938188753255,70.15469094376627
PhysFormer,False,,,,,,,,,,,,,,
PhysMamba2,True,bfloat16,1.0,1.0,4.0,2.0,4.0,25.33984375,64.162012295576,1.0,cards,2.0,4.075327213407125,1.3584424044690417,67.92212022345208
PhysMamba3,True,bfloat16,1.0,1.0,4.0,1.0,4.0,29.75390625,75.33868470100238,1.0,cards,1.0,7.129506371051345,2.3765021236837818,118.82510618418908
PhysMamba,True,bfloat16,1.0,1.0,4.0,1.0,4.0,24.58984375,62.2629670727071,1.0,cards,1.0,5.047388457445313,1.6824628191484379,84.1231409574219
PhysNet,True,bfloat16,2.0,2.0,2.0,3.0,4.0,34.466796875,87.27200793741558,2.0,cards,3.0,4.065365094823724,1.3551216982745746,33.878042456864364
RhythmFormer,False,,,,,,,,,,,,,,
TSCAN,False,,,,,,,,,,,,,,
