config,model,precision,batch,load_seconds,card_total,fits,peak_reserved,peak_allocated,step_seconds,forward_seconds
cardioconv_FS30_W10S1_RGBID_ABP-CVP_H300W300.yaml,CardioConv,bfloat16,1,1.3762838400434703,42405855232,True,21999124480.0,15141940736.0,0.39141234301496297,0.31086205795872957
cardioconv_FS30_W10S1_RGBID_ABP-CVP_H300W300.yaml,CardioConv,bfloat16,2,1.4251318759925198,42405855232,True,33650900992.0,25287780864.0,0.6725499169551767,0.5493345899740234
cardioconv_FS30_W10S1_RGBID_ABP-CVP_H300W300.yaml,CardioConv,bfloat16,4,1.1024402737530181,42405855232,False,,,,
deepphys_FS30_W10S1_RGBID_ABP-CVP_H300W300.yaml,DeepPhys,bfloat16,1,1.1964929919922724,42405855232,False,,,,
efficientphys_FS30_W10S1_RGBID_ABP-CVP_H300W300.yaml,EfficientPhys,bfloat16,1,1.1744394730194472,42405855232,True,41737519104.0,34667441664.0,2.012867273995653,0.33321592304855585
efficientphys_FS30_W10S1_RGBID_ABP-CVP_H300W300.yaml,EfficientPhys,bfloat16,2,1.286706831509946,42405855232,False,,,,
factorizephys_FS30_W10S1_RGBID_ABP-CVP_H300W300.yaml,FactorizePhys,bfloat16,1,1.4242774259764701,42405855232,True,9126805504.0,6278374912.0,0.8778730590129271,0.6449393610237166
factorizephys_FS30_W10S1_RGBID_ABP-CVP_H300W300.yaml,FactorizePhys,bfloat16,2,1.1466194959939457,42405855232,True,18058575872.0,12540078592.0,1.143731294956524,0.6537827550200745
factorizephys_FS30_W10S1_RGBID_ABP-CVP_H300W300.yaml,FactorizePhys,bfloat16,4,1.1394677214993862,42405855232,True,35896950784.0,25061158912.0,1.732533839007374,1.0772617040202022
factorizephys_FS30_W10S1_RGBID_ABP-CVP_H300W300.yaml,FactorizePhys,bfloat16,8,1.079233138501877,42405855232,False,,,,
ibvpnet_FS30_W10S1_RGBID_ABP-CVP_H300W300.yaml,iBVPNet,bfloat16,1,1.3992942670010962,42405855232,True,22634561536.0,18579045888.0,1.3098854889976792,0.7569222940364853
ibvpnet_FS30_W10S1_RGBID_ABP-CVP_H300W300.yaml,iBVPNet,bfloat16,2,1.258519986004103,42405855232,True,39827013632.0,37121838080.0,1.8384527260204777,0.9663225420517847
ibvpnet_FS30_W10S1_RGBID_ABP-CVP_H300W300.yaml,iBVPNet,bfloat16,4,1.1750468920072308,42405855232,False,,,,
physformer_FS30_W10S1_RGBID_ABP-CVP_H300W300.yaml,PhysFormer,bfloat16,1,1.3226938270381652,42405855232,False,,,,
physmamba2_FS30_W10S1_RGBID_ABP-CVP_H300W300.yaml,PhysMamba2,bfloat16,1,1.215894014982041,42405855232,True,26684162048.0,25071019008.0,1.27154198999051,0.7243548390106298
physmamba2_FS30_W10S1_RGBID_ABP-CVP_H300W300.yaml,PhysMamba2,bfloat16,2,1.3420079739880748,42405855232,False,,,,
physmamba3_FS30_W10S1_RGBID_ABP-CVP_H300W300.yaml,PhysMamba3,bfloat16,1,1.1747560949879698,42405855232,True,31423725568.0,29030582272.0,2.2468178620329127,1.0148330369847827
physmamba3_FS30_W10S1_RGBID_ABP-CVP_H300W300.yaml,PhysMamba3,bfloat16,2,1.2462770644924603,42405855232,False,,,,
physmamba_FS30_W10S1_RGBID_ABP-CVP_H300W300.yaml,PhysMamba,bfloat16,1,1.2033400330110453,42405855232,True,25878855680.0,23603129344.0,1.46523603098467,0.6942283680546097
physmamba_FS30_W10S1_RGBID_ABP-CVP_H300W300.yaml,PhysMamba,bfloat16,2,1.1471306394960266,42405855232,False,,,,
physnet_FS30_W10S1_RGBID_ABP-CVP_H300W300.yaml,PhysNet,bfloat16,1,1.0954380530165508,42405855232,True,18352177152.0,14811275264.0,0.7018840340315364,0.31813751900335774
physnet_FS30_W10S1_RGBID_ABP-CVP_H300W300.yaml,PhysNet,bfloat16,2,1.2414351040206384,42405855232,True,36484153344.0,29593751552.0,1.2653961069881916,0.44027584098512307
physnet_FS30_W10S1_RGBID_ABP-CVP_H300W300.yaml,PhysNet,bfloat16,4,1.005820810503792,42405855232,False,,,,
rhythmformer_FS30_W10S1_RGBID_ABP-CVP_H300W300.yaml,RhythmFormer,bfloat16,1,1.2528264329885133,42405855232,False,,,,
tscan_FS30_W10S1_RGBID_ABP-CVP_H300W300.yaml,TSCAN,bfloat16,1,1.0993679810198955,42405855232,False,,,,
