config,model,frame,precision,batch,load_seconds,card_total,fits,peak_reserved,peak_allocated,step_seconds,forward_seconds
cardioconv_FS30_W10S1_RGBID_ABP-CVP_H300W300.yaml,CardioConv,200x200,bfloat16,1,1.0286868749535643,42405855232,True,9812574208.0,6731488768.0,0.178740105999168,0.12747859995579347
cardioconv_FS30_W10S1_RGBID_ABP-CVP_H300W300.yaml,CardioConv,200x200,bfloat16,2,1.174565651017474,42405855232,True,14839447552.0,11254435328.0,0.3122147209942341,0.24175269296392798
cardioconv_FS30_W10S1_RGBID_ABP-CVP_H300W300.yaml,CardioConv,200x200,bfloat16,4,1.0269982514873846,42405855232,True,27116175360.0,19027529216.0,0.5691261579631828,0.4613603189936839
cardioconv_FS30_W10S1_RGBID_ABP-CVP_H300W300.yaml,CardioConv,200x200,bfloat16,8,0.950095679378137,42405855232,False,,,,
deepphys_FS30_W10S1_RGBID_ABP-CVP_H300W300.yaml,DeepPhys,200x200,bfloat16,1,0.937292269023601,42405855232,True,26501709824.0,18042741760.0,0.40087556099751964,0.1416412889957428
deepphys_FS30_W10S1_RGBID_ABP-CVP_H300W300.yaml,DeepPhys,200x200,bfloat16,2,1.2295964890217874,42405855232,True,40928018432.0,35838900224.0,0.7569002669770271,0.2817750960239209
deepphys_FS30_W10S1_RGBID_ABP-CVP_H300W300.yaml,DeepPhys,200x200,bfloat16,4,0.8680947492539417,42405855232,False,,,,
efficientphys_FS30_W10S1_RGBID_ABP-CVP_H300W300.yaml,EfficientPhys,200x200,bfloat16,1,0.9576562480069697,42405855232,True,25140658176.0,15302996480.0,0.889852904016152,0.10849914402933791
efficientphys_FS30_W10S1_RGBID_ABP-CVP_H300W300.yaml,EfficientPhys,200x200,bfloat16,2,1.095038186002057,42405855232,True,39470497792.0,30356904448.0,1.7537072410341352,0.21731002599699423
efficientphys_FS30_W10S1_RGBID_ABP-CVP_H300W300.yaml,EfficientPhys,200x200,bfloat16,4,0.920419251502608,42405855232,False,,,,
factorizephys_FS30_W10S1_RGBID_ABP-CVP_H300W300.yaml,FactorizePhys,200x200,bfloat16,1,1.0319129910203628,42405855232,True,3976200192.0,2785819648.0,0.38527743198210374,0.20507220702711493
factorizephys_FS30_W10S1_RGBID_ABP-CVP_H300W300.yaml,FactorizePhys,200x200,bfloat16,2,1.228407729009632,42405855232,True,7885291520.0,5546578432.0,0.5048256459995173,0.2718861590255983
factorizephys_FS30_W10S1_RGBID_ABP-CVP_H300W300.yaml,FactorizePhys,200x200,bfloat16,4,0.9967067895049695,42405855232,True,15772680192.0,11073393152.0,0.7451937809819356,0.4069042939809151
factorizephys_FS30_W10S1_RGBID_ABP-CVP_H300W300.yaml,FactorizePhys,200x200,bfloat16,8,1.047500776250672,42405855232,True,31373393920.0,22116970496.0,1.201727191975806,0.6602809100295417
factorizephys_FS30_W10S1_RGBID_ABP-CVP_H300W300.yaml,FactorizePhys,200x200,bfloat16,16,1.1271251773105178,42405855232,False,,,,
ibvpnet_FS30_W10S1_RGBID_ABP-CVP_H300W300.yaml,iBVPNet,200x200,bfloat16,1,1.0481478669680655,42405855232,True,10024386560.0,8292754944.0,0.587822353001684,0.2997195450006984
ibvpnet_FS30_W10S1_RGBID_ABP-CVP_H300W300.yaml,iBVPNet,200x200,bfloat16,2,1.1939039184944704,42405855232,True,20031995904.0,16531848192.0,0.8063281630165875,0.41235511301783845
ibvpnet_FS30_W10S1_RGBID_ABP-CVP_H300W300.yaml,iBVPNet,200x200,bfloat16,4,0.9826713100046618,42405855232,True,39858470912.0,33025459200.0,1.2442878589499742,0.641169571026694
ibvpnet_FS30_W10S1_RGBID_ABP-CVP_H300W300.yaml,iBVPNet,200x200,bfloat16,8,0.9335826605019975,42405855232,False,,,,
physformer_FS30_W10S1_RGBID_ABP-CVP_H300W300.yaml,PhysFormer,200x200,bfloat16,1,1.0742617449723184,42405855232,True,18012438528.0,15804682240.0,0.4011804659967311,0.14321226195897907
physformer_FS30_W10S1_RGBID_ABP-CVP_H300W300.yaml,PhysFormer,200x200,bfloat16,2,1.191560954990564,42405855232,True,35634806784.0,31429074432.0,0.7072416759910993,0.24204611498862505
physformer_FS30_W10S1_RGBID_ABP-CVP_H300W300.yaml,PhysFormer,200x200,bfloat16,4,0.8787805280007888,42405855232,False,,,,
physmamba2_FS30_W10S1_RGBID_ABP-CVP_H300W300.yaml,PhysMamba2,200x200,bfloat16,1,1.2797989000100642,42405855232,True,12171870208.0,11178725888.0,0.5894630929687992,0.25018744298722595
physmamba2_FS30_W10S1_RGBID_ABP-CVP_H300W300.yaml,PhysMamba2,200x200,bfloat16,2,1.2063350125099532,42405855232,True,23750246400.0,22319768064.0,0.9702000269899145,0.3633322429959662
physmamba2_FS30_W10S1_RGBID_ABP-CVP_H300W300.yaml,PhysMamba2,200x200,bfloat16,4,0.9396853844955331,42405855232,False,,,,
physmamba3_FS30_W10S1_RGBID_ABP-CVP_H300W300.yaml,PhysMamba3,200x200,bfloat16,1,1.1846707910299301,42405855232,True,14258536448.0,12980723712.0,1.0123699629912153,0.44499553204514086
physmamba3_FS30_W10S1_RGBID_ABP-CVP_H300W300.yaml,PhysMamba3,200x200,bfloat16,2,1.3302153640252072,42405855232,True,27938258944.0,25887654912.0,1.343713434995152,0.5515056640142575
physmamba3_FS30_W10S1_RGBID_ABP-CVP_H300W300.yaml,PhysMamba3,200x200,bfloat16,4,1.0529962042492116,42405855232,False,,,,
physmamba_FS30_W10S1_RGBID_ABP-CVP_H300W300.yaml,PhysMamba,200x200,bfloat16,1,1.2988098330097273,42405855232,True,11555307520.0,10548642816.0,0.6608149340027012,0.27428291499381885
physmamba_FS30_W10S1_RGBID_ABP-CVP_H300W300.yaml,PhysMamba,200x200,bfloat16,2,1.0684438585012686,42405855232,True,23053991936.0,21025664000.0,1.004274916020222,0.37479313102085143
physmamba_FS30_W10S1_RGBID_ABP-CVP_H300W300.yaml,PhysMamba,200x200,bfloat16,4,0.925501476493082,42405855232,False,,,,
physnet_FS30_W10S1_RGBID_ABP-CVP_H300W300.yaml,PhysNet,200x200,bfloat16,1,1.0202409949852154,42405855232,True,8220835840.0,6603627520.0,0.321002351003699,0.11337741202441975
physnet_FS30_W10S1_RGBID_ABP-CVP_H300W300.yaml,PhysNet,200x200,bfloat16,2,1.0814904875005595,42405855232,True,16326328320.0,13174454272.0,0.5744110700325109,0.18659007997484878
physnet_FS30_W10S1_RGBID_ABP-CVP_H300W300.yaml,PhysNet,200x200,bfloat16,4,0.8011208664975129,42405855232,True,32250003456.0,26320057344.0,1.0725990509963594,0.33175016299355775
physnet_FS30_W10S1_RGBID_ABP-CVP_H300W300.yaml,PhysNet,200x200,bfloat16,8,0.9306391518693999,42405855232,False,,,,
rhythmformer_FS30_W10S1_RGBID_ABP-CVP_H300W300.yaml,RhythmFormer,200x200,bfloat16,1,1.13742274598917,42405855232,True,17756585984.0,13959665152.0,0.34512636699946597,0.0983748949947767
rhythmformer_FS30_W10S1_RGBID_ABP-CVP_H300W300.yaml,RhythmFormer,200x200,bfloat16,2,1.213606006494956,42405855232,True,35280388096.0,27844707328.0,0.6403038509888574,0.18899725005030632
rhythmformer_FS30_W10S1_RGBID_ABP-CVP_H300W300.yaml,RhythmFormer,200x200,bfloat16,4,1.0059247597528156,42405855232,False,,,,
tscan_FS30_W10S1_RGBID_ABP-CVP_H300W300.yaml,TSCAN,200x200,bfloat16,1,1.1429305730271153,42405855232,True,28567404544.0,20330683904.0,0.8877770020044409,0.16012466000393033
tscan_FS30_W10S1_RGBID_ABP-CVP_H300W300.yaml,TSCAN,200x200,bfloat16,2,0.9949230274942238,42405855232,False,,,,
